{
  "cordova-plugin-camera": {
    "source": {
      "type": "registry",
      "id": "cordova-plugin-camera@4.0.3"
    },
    "is_top_level": true,
    "variables": {}
  },
  "cordova-plugin-facebook4": {
    "source": {
      "type": "registry",
      "id": "cordova-plugin-facebook4"
    },
    "is_top_level": true,
    "variables": {
      "APP_ID": "1786673318255115",
      "APP_NAME": "zenGOT"
    }
  },
  "cordova-plugin-device": {
    "source": {
      "type": "registry",
      "id": "cordova-plugin-device@2.0.2"
    },
    "is_top_level": true,
    "variables": {}
  },
  "cordova-plugin-file": {
    "source": {
      "type": "registry",
      "id": "cordova-plugin-file@6.0.1"
    },
    "is_top_level": true,
    "variables": {}
  },
  "cordova-plugin-file-transfer": {
    "source": {
      "type": "registry",
      "id": "cordova-plugin-file-transfer"
    },
    "is_top_level": true,
    "variables": {}
  },
  "cordova-plugin-googleplus": {
    "source": {
      "type": "registry",
      "id": "cordova-plugin-googleplus"
    },
    "is_top_level": true,
    "variables": {
      "REVERSED_CLIENT_ID": "com.googleusercontent.apps.265461549350-3jobcksl2am6monuhqoqmt2k04736796"
    }
  },
  "cordova-plugin-network-information": {
    "source": {
      "type": "registry",
      "id": "cordova-plugin-network-information"
    },
    "is_top_level": true,
    "variables": {}
  },
  "onesignal-cordova-plugin": {
    "source": {
      "type": "registry",
      "id": "onesignal-cordova-plugin"
    },
    "is_top_level": true,
    "variables": {}
  },
  "cordova-plugin-ionic-webview": {
    "source": {
      "type": "registry",
      "id": "cordova-plugin-ionic-webview@^4.0.0"
    },
    "is_top_level": true,
    "variables": {}
  },
  "cordova-plugin-ionic-keyboard": {
    "source": {
      "type": "registry",
      "id": "cordova-plugin-ionic-keyboard@^2.0.5"
    },
    "is_top_level": true,
    "variables": {}
  },
  "cordova-plugin-ionic": {
    "source": {
      "type": "registry",
      "id": "cordova-plugin-ionic@5.3.0"
    },
    "is_top_level": true,
    "variables": {
      "APP_ID": "95e72e1f",
      "CHANNEL_NAME": "Master",
      "UPDATE_METHOD": "background",
      "UPDATE_API": "https://api.ionicjs.com",
      "MAX_STORE": "2",
      "MIN_BACKGROUND_DURATION": "30"
    }
  },
  "cordova-sqlite-storage": {
    "source": {
      "type": "registry",
      "id": "cordova-sqlite-storage"
    },
    "is_top_level": true,
    "variables": {}
  }
}