{
  "prepare_queue": {
    "installed": [],
    "uninstalled": []
  },
  "config_munge": {
    "files": {}
  },
  "installed_plugins": {
    "cordova-plugin-camera": {
      "PACKAGE_NAME": "zengot.services"
    },
    "cordova-plugin-device": {
      "PACKAGE_NAME": "zengot.services"
    },
    "cordova-plugin-facebook4": {
      "APP_ID": "1786673318255115",
      "APP_NAME": "zenGOT",
      "FACEBOOK_ANDROID_SDK_VERSION": "4.35.0",
      "PACKAGE_NAME": "zengot.services"
    },
    "cordova-plugin-googleplus": {
      "REVERSED_CLIENT_ID": "com.googleusercontent.apps.265461549350-3jobcksl2am6monuhqoqmt2k04736796",
      "PACKAGE_NAME": "zengot.services"
    },
    "cordova-plugin-ionic": {
      "APP_ID": "95e72e1f",
      "CHANNEL_NAME": "Master",
      "UPDATE_API": "https://api.ionicjs.com",
      "UPDATE_METHOD": "background",
      "MAX_STORE": "2",
      "MIN_BACKGROUND_DURATION": "30",
      "PACKAGE_NAME": "zengot.services"
    },
    "cordova-plugin-ionic-keyboard": {
      "PACKAGE_NAME": "zengot.services"
    },
    "cordova-plugin-ionic-webview": {
      "PACKAGE_NAME": "zengot.services"
    },
    "cordova-plugin-network-information": {
      "PACKAGE_NAME": "zengot.services"
    },
    "cordova-plugin-splashscreen": {
      "PACKAGE_NAME": "zengot.services"
    },
    "cordova-plugin-whitelist": {
      "PACKAGE_NAME": "zengot.services"
    },
    "onesignal-cordova-plugin": {
      "PACKAGE_NAME": "zengot.services"
    }
  },
  "dependent_plugins": {
    "cordova-plugin-file": {
      "PACKAGE_NAME": "zengot.services"
    },
    "cordova-plugin-file-transfer": {
      "PACKAGE_NAME": "zengot.services"
    }
  }
}